#Present in minus of 3 samples	Abundance < 5e-05	Present in databank of contaminants
Cluster_127	Cluster_124	
Cluster_164	Cluster_127	
Cluster_166	Cluster_133	
Cluster_168	Cluster_152	
Cluster_182	Cluster_164	
Cluster_202	Cluster_166	
Cluster_239	Cluster_168	
Cluster_253	Cluster_176	
Cluster_265	Cluster_182	
Cluster_268	Cluster_186	
Cluster_269	Cluster_202	
Cluster_270	Cluster_239	
Cluster_284	Cluster_253	
Cluster_287	Cluster_258	
Cluster_303	Cluster_265	
Cluster_308	Cluster_268	
Cluster_321	Cluster_269	
Cluster_323	Cluster_270	
Cluster_328	Cluster_284	
Cluster_331	Cluster_287	
Cluster_334	Cluster_303	
Cluster_350	Cluster_308	
Cluster_355	Cluster_321	
Cluster_359	Cluster_323	
Cluster_362	Cluster_328	
Cluster_364	Cluster_331	
Cluster_378	Cluster_334	
Cluster_379	Cluster_350	
Cluster_382	Cluster_355	
Cluster_383	Cluster_359	
Cluster_399	Cluster_362	
Cluster_403	Cluster_364	
Cluster_409	Cluster_378	
Cluster_410	Cluster_379	
Cluster_415	Cluster_382	
Cluster_418	Cluster_383	
Cluster_429	Cluster_399	
Cluster_446	Cluster_403	
Cluster_451	Cluster_409	
Cluster_461	Cluster_410	
Cluster_465	Cluster_415	
Cluster_467	Cluster_418	
Cluster_475	Cluster_429	
Cluster_477	Cluster_446	
Cluster_482	Cluster_451	
Cluster_487	Cluster_461	
Cluster_493	Cluster_465	
Cluster_494	Cluster_467	
Cluster_499	Cluster_475	
Cluster_501	Cluster_477	
Cluster_503	Cluster_482	
Cluster_520	Cluster_487	
Cluster_524	Cluster_493	
Cluster_539	Cluster_494	
Cluster_547	Cluster_499	
Cluster_548	Cluster_501	
Cluster_549	Cluster_503	
Cluster_550	Cluster_520	
Cluster_566	Cluster_524	
Cluster_576	Cluster_539	
Cluster_592	Cluster_547	
Cluster_611	Cluster_548	
Cluster_620	Cluster_549	
Cluster_632	Cluster_550	
Cluster_657	Cluster_566	
Cluster_672	Cluster_576	
Cluster_704	Cluster_592	
Cluster_705	Cluster_611	
Cluster_709	Cluster_620	
Cluster_720	Cluster_632	
Cluster_721	Cluster_657	
Cluster_736	Cluster_672	
Cluster_740	Cluster_704	
Cluster_742	Cluster_705	
Cluster_759	Cluster_709	
Cluster_770	Cluster_720	
Cluster_778	Cluster_721	
Cluster_787	Cluster_736	
Cluster_794	Cluster_740	
Cluster_798	Cluster_742	
Cluster_801	Cluster_759	
Cluster_803	Cluster_770	
Cluster_814	Cluster_778	
Cluster_819	Cluster_787	
Cluster_825	Cluster_794	
Cluster_836	Cluster_801	
Cluster_840	Cluster_802	
Cluster_843	Cluster_803	
Cluster_855	Cluster_814	
Cluster_858	Cluster_819	
Cluster_859	Cluster_825	
Cluster_861	Cluster_835	
Cluster_864	Cluster_836	
Cluster_866	Cluster_840	
Cluster_874	Cluster_843	
Cluster_876	Cluster_855	
Cluster_878	Cluster_858	
Cluster_886	Cluster_859	
Cluster_892	Cluster_861	
Cluster_921	Cluster_864	
Cluster_928	Cluster_866	
Cluster_930	Cluster_874	
Cluster_958	Cluster_876	
Cluster_961	Cluster_878	
Cluster_964	Cluster_886	
Cluster_967	Cluster_892	
Cluster_979	Cluster_900	
Cluster_989	Cluster_921	
Cluster_1019	Cluster_928	
Cluster_1022	Cluster_958	
Cluster_1026	Cluster_961	
Cluster_1027	Cluster_964	
Cluster_1040	Cluster_967	
Cluster_1050	Cluster_979	
Cluster_1051	Cluster_989	
Cluster_1062	Cluster_1019	
Cluster_1068	Cluster_1022	
Cluster_1073	Cluster_1026	
Cluster_1076	Cluster_1027	
Cluster_1088	Cluster_1040	
Cluster_1125	Cluster_1050	
Cluster_1130	Cluster_1051	
Cluster_1134	Cluster_1062	
Cluster_1144	Cluster_1068	
Cluster_1145	Cluster_1073	
Cluster_1148	Cluster_1076	
Cluster_1203	Cluster_1088	
Cluster_1204	Cluster_1125	
Cluster_1205	Cluster_1130	
Cluster_1206	Cluster_1134	
Cluster_1207	Cluster_1144	
Cluster_1209	Cluster_1148	
Cluster_1211	Cluster_1203	
Cluster_1217	Cluster_1204	
Cluster_1224	Cluster_1205	
Cluster_1225	Cluster_1206	
Cluster_1226	Cluster_1207	
Cluster_1230	Cluster_1209	
Cluster_1231	Cluster_1211	
Cluster_1249	Cluster_1217	
Cluster_1250	Cluster_1224	
Cluster_1255	Cluster_1225	
Cluster_1256	Cluster_1226	
Cluster_1266	Cluster_1230	
Cluster_1271	Cluster_1231	
Cluster_1273	Cluster_1249	
Cluster_1283	Cluster_1250	
Cluster_1285	Cluster_1255	
Cluster_1291	Cluster_1256	
Cluster_1292	Cluster_1266	
Cluster_1293	Cluster_1271	
Cluster_1304	Cluster_1273	
Cluster_1307	Cluster_1283	
Cluster_1309	Cluster_1285	
Cluster_1311	Cluster_1291	
Cluster_1312	Cluster_1292	
Cluster_1313	Cluster_1293	
Cluster_1324	Cluster_1304	
Cluster_1344	Cluster_1307	
Cluster_1352	Cluster_1309	
Cluster_1360	Cluster_1311	
Cluster_1364	Cluster_1312	
Cluster_1366	Cluster_1313	
Cluster_1369	Cluster_1324	
Cluster_1387	Cluster_1344	
Cluster_1399	Cluster_1352	
Cluster_1415	Cluster_1360	
Cluster_1422	Cluster_1364	
Cluster_1430	Cluster_1366	
Cluster_1441	Cluster_1369	
Cluster_1450	Cluster_1387	
Cluster_1466	Cluster_1399	
Cluster_1472	Cluster_1415	
Cluster_1485	Cluster_1416	
Cluster_1488	Cluster_1422	
Cluster_1501	Cluster_1430	
Cluster_1510	Cluster_1441	
Cluster_1520	Cluster_1450	
Cluster_1533	Cluster_1466	
Cluster_1547	Cluster_1472	
Cluster_1560	Cluster_1485	
Cluster_1574	Cluster_1488	
Cluster_1582	Cluster_1501	
Cluster_1584	Cluster_1510	
Cluster_1594	Cluster_1520	
Cluster_1615	Cluster_1533	
Cluster_1617	Cluster_1547	
Cluster_1633	Cluster_1560	
Cluster_1640	Cluster_1574	
Cluster_1647	Cluster_1582	
Cluster_1657	Cluster_1584	
Cluster_1660	Cluster_1594	
Cluster_1662	Cluster_1615	
Cluster_1667	Cluster_1617	
Cluster_1674	Cluster_1633	
Cluster_1679	Cluster_1640	
Cluster_1685	Cluster_1647	
Cluster_1688	Cluster_1657	
Cluster_1692	Cluster_1660	
Cluster_1701	Cluster_1662	
Cluster_1706	Cluster_1667	
Cluster_1714	Cluster_1674	
Cluster_1715	Cluster_1679	
Cluster_1716	Cluster_1685	
Cluster_1719	Cluster_1688	
Cluster_1733	Cluster_1692	
Cluster_1734	Cluster_1701	
Cluster_1738	Cluster_1706	
Cluster_1749	Cluster_1714	
Cluster_1753	Cluster_1715	
Cluster_1759	Cluster_1716	
Cluster_1763	Cluster_1719	
Cluster_1768	Cluster_1733	
Cluster_1775	Cluster_1734	
Cluster_1777	Cluster_1738	
Cluster_1779	Cluster_1749	
Cluster_1793	Cluster_1753	
Cluster_1794	Cluster_1759	
Cluster_1795	Cluster_1763	
Cluster_1809	Cluster_1768	
Cluster_1815	Cluster_1775	
Cluster_1825	Cluster_1777	
Cluster_1832	Cluster_1779	
Cluster_1834	Cluster_1793	
Cluster_1839	Cluster_1794	
Cluster_1843	Cluster_1795	
Cluster_1853	Cluster_1809	
Cluster_1858	Cluster_1815	
Cluster_1862	Cluster_1825	
Cluster_1874	Cluster_1832	
Cluster_1889	Cluster_1834	
Cluster_1897	Cluster_1839	
Cluster_1898	Cluster_1843	
Cluster_1901	Cluster_1853	
Cluster_1902	Cluster_1858	
Cluster_1905	Cluster_1862	
Cluster_1922	Cluster_1874	
Cluster_1929	Cluster_1889	
Cluster_1939	Cluster_1897	
Cluster_1943	Cluster_1898	
Cluster_1948	Cluster_1901	
Cluster_1952	Cluster_1902	
Cluster_1954	Cluster_1905	
Cluster_1970	Cluster_1922	
Cluster_1971	Cluster_1929	
Cluster_1982	Cluster_1939	
Cluster_1989	Cluster_1943	
Cluster_1991	Cluster_1948	
Cluster_2007	Cluster_1952	
Cluster_2012	Cluster_1954	
Cluster_2025	Cluster_1970	
Cluster_2032	Cluster_1971	
Cluster_2034	Cluster_1978	
Cluster_2042	Cluster_1982	
Cluster_2065	Cluster_1989	
Cluster_2066	Cluster_1991	
Cluster_2071	Cluster_2007	
Cluster_2099	Cluster_2012	
Cluster_2103	Cluster_2025	
Cluster_2104	Cluster_2032	
Cluster_2107	Cluster_2034	
Cluster_2123	Cluster_2042	
Cluster_2126	Cluster_2065	
Cluster_2131	Cluster_2066	
Cluster_2139	Cluster_2071	
Cluster_2147	Cluster_2099	
Cluster_2150	Cluster_2103	
Cluster_2169	Cluster_2104	
Cluster_2181	Cluster_2107	
Cluster_2185	Cluster_2123	
Cluster_2192	Cluster_2126	
Cluster_2194	Cluster_2131	
Cluster_2196	Cluster_2139	
Cluster_2203	Cluster_2147	
Cluster_2219	Cluster_2150	
Cluster_2232	Cluster_2169	
Cluster_2236	Cluster_2181	
Cluster_2242	Cluster_2185	
Cluster_2243	Cluster_2192	
Cluster_2246	Cluster_2194	
Cluster_2250	Cluster_2196	
Cluster_2263	Cluster_2203	
Cluster_2264	Cluster_2219	
Cluster_2270	Cluster_2232	
Cluster_2278	Cluster_2236	
Cluster_2294	Cluster_2242	
Cluster_2296	Cluster_2243	
Cluster_2307	Cluster_2246	
Cluster_2309	Cluster_2250	
Cluster_2312	Cluster_2263	
Cluster_2317	Cluster_2264	
Cluster_2327	Cluster_2270	
Cluster_2333	Cluster_2278	
Cluster_2342	Cluster_2294	
Cluster_2352	Cluster_2296	
Cluster_2354	Cluster_2307	
Cluster_2360	Cluster_2309	
Cluster_2365	Cluster_2312	
Cluster_2366	Cluster_2317	
Cluster_2376	Cluster_2327	
Cluster_2391	Cluster_2333	
Cluster_2393	Cluster_2342	
Cluster_2397	Cluster_2352	
Cluster_2409	Cluster_2354	
Cluster_2416	Cluster_2360	
Cluster_2434	Cluster_2365	
Cluster_2439	Cluster_2366	
Cluster_2445	Cluster_2376	
Cluster_2451	Cluster_2391	
Cluster_2462	Cluster_2393	
Cluster_2467	Cluster_2397	
Cluster_2480	Cluster_2409	
Cluster_2501	Cluster_2416	
Cluster_2502	Cluster_2434	
Cluster_2508	Cluster_2439	
Cluster_2520	Cluster_2445	
Cluster_2521	Cluster_2451	
Cluster_2522	Cluster_2462	
Cluster_2532	Cluster_2467	
Cluster_2548	Cluster_2480	
Cluster_2552	Cluster_2501	
Cluster_2553	Cluster_2502	
Cluster_2554	Cluster_2506	
Cluster_2564	Cluster_2508	
Cluster_2579	Cluster_2520	
Cluster_2592	Cluster_2521	
Cluster_2594	Cluster_2522	
Cluster_2610	Cluster_2532	
Cluster_2613	Cluster_2548	
Cluster_2618	Cluster_2552	
Cluster_2625	Cluster_2553	
Cluster_2635	Cluster_2554	
Cluster_2640	Cluster_2564	
Cluster_2650	Cluster_2579	
Cluster_2652	Cluster_2592	
Cluster_2658	Cluster_2594	
Cluster_2661	Cluster_2610	
Cluster_2666	Cluster_2613	
Cluster_2677	Cluster_2618	
Cluster_2684	Cluster_2625	
Cluster_2692	Cluster_2635	
Cluster_2697	Cluster_2640	
Cluster_2706	Cluster_2650	
Cluster_2716	Cluster_2652	
Cluster_2717	Cluster_2658	
Cluster_2722	Cluster_2661	
Cluster_2734	Cluster_2666	
Cluster_2738	Cluster_2677	
Cluster_2744	Cluster_2684	
Cluster_2751	Cluster_2692	
Cluster_2754	Cluster_2697	
Cluster_2774	Cluster_2706	
Cluster_2778	Cluster_2716	
Cluster_2790	Cluster_2717	
Cluster_2795	Cluster_2722	
Cluster_2798	Cluster_2734	
Cluster_2800	Cluster_2738	
Cluster_2812	Cluster_2744	
Cluster_2820	Cluster_2751	
Cluster_2826	Cluster_2754	
Cluster_2833	Cluster_2774	
Cluster_2834	Cluster_2778	
Cluster_2841	Cluster_2790	
Cluster_2867	Cluster_2795	
Cluster_2868	Cluster_2798	
Cluster_2875	Cluster_2800	
Cluster_2895	Cluster_2812	
Cluster_2902	Cluster_2820	
Cluster_2931	Cluster_2826	
Cluster_2947	Cluster_2833	
Cluster_2971	Cluster_2834	
Cluster_2979	Cluster_2841	
Cluster_2986	Cluster_2867	
Cluster_2987	Cluster_2868	
Cluster_2991	Cluster_2875	
Cluster_2995	Cluster_2895	
Cluster_2998	Cluster_2902	
Cluster_3007	Cluster_2931	
Cluster_3015	Cluster_2947	
Cluster_3017	Cluster_2971	
Cluster_3045	Cluster_2979	
Cluster_3046	Cluster_2986	
Cluster_3051	Cluster_2987	
Cluster_3059	Cluster_2991	
Cluster_3076	Cluster_2995	
Cluster_3084	Cluster_2998	
Cluster_3097	Cluster_3007	
Cluster_3102	Cluster_3015	
Cluster_3106	Cluster_3017	
Cluster_3115	Cluster_3045	
Cluster_3132	Cluster_3046	
Cluster_3133	Cluster_3051	
Cluster_3140	Cluster_3059	
Cluster_3174	Cluster_3076	
Cluster_3191	Cluster_3084	
Cluster_3193	Cluster_3097	
Cluster_3200	Cluster_3102	
Cluster_3224	Cluster_3106	
Cluster_3232	Cluster_3115	
Cluster_3245	Cluster_3132	
Cluster_3250	Cluster_3133	
Cluster_3251	Cluster_3140	
Cluster_3264	Cluster_3174	
Cluster_3275	Cluster_3191	
Cluster_3278	Cluster_3193	
Cluster_3292	Cluster_3200	
Cluster_3304	Cluster_3224	
Cluster_3305	Cluster_3232	
Cluster_3314	Cluster_3245	
Cluster_3324	Cluster_3250	
Cluster_3331	Cluster_3251	
Cluster_3334	Cluster_3264	
Cluster_3342	Cluster_3275	
Cluster_3358	Cluster_3278	
Cluster_3368	Cluster_3292	
Cluster_3370	Cluster_3304	
Cluster_3372	Cluster_3305	
Cluster_3374	Cluster_3314	
Cluster_3375	Cluster_3324	
Cluster_3382	Cluster_3331	
Cluster_3400	Cluster_3334	
Cluster_3410	Cluster_3342	
Cluster_3418	Cluster_3358	
Cluster_3429	Cluster_3368	
Cluster_3433	Cluster_3370	
Cluster_3435	Cluster_3372	
Cluster_3437	Cluster_3374	
Cluster_3461	Cluster_3375	
Cluster_3475	Cluster_3382	
Cluster_3480	Cluster_3400	
Cluster_3483	Cluster_3410	
Cluster_3491	Cluster_3418	
Cluster_3512	Cluster_3429	
Cluster_3516	Cluster_3433	
Cluster_3532	Cluster_3435	
Cluster_3543	Cluster_3437	
Cluster_3545	Cluster_3461	
Cluster_3550	Cluster_3475	
Cluster_3554	Cluster_3480	
Cluster_3561	Cluster_3483	
Cluster_3564	Cluster_3491	
Cluster_3568	Cluster_3512	
Cluster_3571	Cluster_3516	
Cluster_3575	Cluster_3532	
Cluster_3590	Cluster_3543	
Cluster_3591	Cluster_3545	
Cluster_3611	Cluster_3550	
Cluster_3612	Cluster_3554	
Cluster_3619	Cluster_3561	
Cluster_3623	Cluster_3564	
Cluster_3624	Cluster_3568	
Cluster_3628	Cluster_3571	
Cluster_3636	Cluster_3575	
Cluster_3639	Cluster_3590	
Cluster_3641	Cluster_3591	
Cluster_3646	Cluster_3611	
Cluster_3653	Cluster_3612	
Cluster_3657	Cluster_3619	
Cluster_3662	Cluster_3623	
Cluster_3679	Cluster_3624	
Cluster_3693	Cluster_3628	
Cluster_3709	Cluster_3636	
Cluster_3717	Cluster_3639	
Cluster_3729	Cluster_3641	
Cluster_3732	Cluster_3646	
Cluster_3740	Cluster_3653	
Cluster_3746	Cluster_3657	
Cluster_3747	Cluster_3662	
Cluster_3749	Cluster_3679	
Cluster_3752	Cluster_3693	
Cluster_3756	Cluster_3709	
Cluster_3762	Cluster_3717	
Cluster_3765	Cluster_3729	
Cluster_3772	Cluster_3732	
Cluster_3773	Cluster_3740	
Cluster_3806	Cluster_3746	
Cluster_3807	Cluster_3747	
Cluster_3822	Cluster_3749	
Cluster_3836	Cluster_3752	
Cluster_3840	Cluster_3756	
Cluster_3850	Cluster_3762	
Cluster_3861	Cluster_3765	
Cluster_3890	Cluster_3772	
Cluster_3894	Cluster_3773	
Cluster_3895	Cluster_3806	
Cluster_3902	Cluster_3807	
Cluster_3904	Cluster_3822	
Cluster_3911	Cluster_3836	
Cluster_3914	Cluster_3840	
Cluster_3934	Cluster_3861	
Cluster_3948	Cluster_3890	
Cluster_3961	Cluster_3894	
Cluster_3962	Cluster_3895	
Cluster_3966	Cluster_3902	
Cluster_3967	Cluster_3904	
Cluster_3971	Cluster_3911	
Cluster_3974	Cluster_3914	
Cluster_3984	Cluster_3934	
Cluster_3990	Cluster_3948	
Cluster_3991	Cluster_3961	
Cluster_4016	Cluster_3962	
Cluster_4021	Cluster_3966	
Cluster_4022	Cluster_3967	
Cluster_4033	Cluster_3971	
Cluster_4034	Cluster_3974	
Cluster_4035	Cluster_3984	
Cluster_4037	Cluster_3990	
Cluster_4042	Cluster_3991	
Cluster_4060	Cluster_4016	
Cluster_4070	Cluster_4021	
Cluster_4082	Cluster_4022	
Cluster_4095	Cluster_4033	
Cluster_4106	Cluster_4034	
Cluster_4140	Cluster_4035	
Cluster_4141	Cluster_4037	
Cluster_4142	Cluster_4042	
Cluster_4147	Cluster_4060	
Cluster_4157	Cluster_4070	
Cluster_4158	Cluster_4082	
Cluster_4175	Cluster_4095	
Cluster_4190	Cluster_4106	
Cluster_4196	Cluster_4140	
Cluster_4213	Cluster_4141	
Cluster_4217	Cluster_4142	
Cluster_4231	Cluster_4147	
Cluster_4249	Cluster_4157	
Cluster_4275	Cluster_4158	
Cluster_4293	Cluster_4175	
Cluster_4296	Cluster_4190	
Cluster_4315	Cluster_4196	
Cluster_4331	Cluster_4213	
Cluster_4338	Cluster_4217	
Cluster_4351	Cluster_4231	
Cluster_4381	Cluster_4249	
Cluster_4410	Cluster_4275	
Cluster_4413	Cluster_4293	
Cluster_4416	Cluster_4296	
Cluster_4427	Cluster_4315	
Cluster_4435	Cluster_4331	
Cluster_4436	Cluster_4338	
Cluster_4449	Cluster_4351	
Cluster_4452	Cluster_4381	
Cluster_4456	Cluster_4410	
Cluster_4461	Cluster_4413	
Cluster_4464	Cluster_4416	
Cluster_4471	Cluster_4427	
Cluster_4472	Cluster_4435	
Cluster_4487	Cluster_4436	
Cluster_4496	Cluster_4449	
Cluster_4503	Cluster_4452	
Cluster_4511	Cluster_4456	
Cluster_4512	Cluster_4461	
Cluster_4522	Cluster_4464	
Cluster_4539	Cluster_4471	
Cluster_4540	Cluster_4472	
Cluster_4550	Cluster_4487	
Cluster_4557	Cluster_4496	
Cluster_4564	Cluster_4503	
Cluster_4572	Cluster_4511	
Cluster_4586	Cluster_4512	
Cluster_4587	Cluster_4522	
Cluster_4601	Cluster_4539	
Cluster_4609	Cluster_4540	
Cluster_4611	Cluster_4550	
Cluster_4612	Cluster_4557	
Cluster_4617	Cluster_4564	
Cluster_4626	Cluster_4572	
Cluster_4629	Cluster_4586	
Cluster_4638	Cluster_4587	
Cluster_4658	Cluster_4601	
Cluster_4664	Cluster_4609	
Cluster_4665	Cluster_4611	
Cluster_4673	Cluster_4612	
Cluster_4675	Cluster_4615	
Cluster_4691	Cluster_4617	
Cluster_4701	Cluster_4626	
Cluster_4717	Cluster_4629	
Cluster_4720	Cluster_4638	
Cluster_4730	Cluster_4658	
Cluster_4736	Cluster_4664	
Cluster_4753	Cluster_4665	
Cluster_4758	Cluster_4673	
Cluster_4759	Cluster_4675	
Cluster_4762	Cluster_4691	
Cluster_4767	Cluster_4701	
Cluster_4789	Cluster_4717	
Cluster_4794	Cluster_4720	
Cluster_4798	Cluster_4730	
Cluster_4805	Cluster_4736	
Cluster_4808	Cluster_4753	
Cluster_4809	Cluster_4758	
Cluster_4814	Cluster_4759	
Cluster_4816	Cluster_4762	
Cluster_4830	Cluster_4767	
Cluster_4831	Cluster_4789	
Cluster_4832	Cluster_4794	
Cluster_4837	Cluster_4798	
Cluster_4839	Cluster_4805	
Cluster_4843	Cluster_4808	
Cluster_4845	Cluster_4809	
Cluster_4846	Cluster_4814	
Cluster_4881	Cluster_4816	
Cluster_4893	Cluster_4830	
Cluster_4904	Cluster_4831	
Cluster_4911	Cluster_4832	
Cluster_4914	Cluster_4837	
Cluster_4925	Cluster_4839	
Cluster_4951	Cluster_4843	
Cluster_4966	Cluster_4845	
Cluster_4967	Cluster_4846	
Cluster_4975	Cluster_4881	
Cluster_4984	Cluster_4893	
Cluster_4993	Cluster_4904	
Cluster_4999	Cluster_4911	
Cluster_5005	Cluster_4914	
Cluster_5006	Cluster_4925	
Cluster_5014	Cluster_4951	
Cluster_5060	Cluster_4966	
Cluster_5069	Cluster_4967	
Cluster_5080	Cluster_4975	
Cluster_5083	Cluster_4984	
Cluster_5094	Cluster_4993	
Cluster_5104	Cluster_4999	
Cluster_5113	Cluster_5005	
Cluster_5126	Cluster_5006	
Cluster_5127	Cluster_5014	
Cluster_5129	Cluster_5060	
Cluster_5131	Cluster_5069	
Cluster_5133	Cluster_5080	
Cluster_5136	Cluster_5083	
Cluster_5149	Cluster_5094	
Cluster_5150	Cluster_5104	
Cluster_5153	Cluster_5113	
Cluster_5176	Cluster_5126	
Cluster_5177	Cluster_5127	
Cluster_5185	Cluster_5129	
Cluster_5186	Cluster_5131	
Cluster_5187	Cluster_5133	
Cluster_5199	Cluster_5136	
Cluster_5215	Cluster_5149	
Cluster_5221	Cluster_5150	
Cluster_5236	Cluster_5153	
Cluster_5238	Cluster_5176	
Cluster_5241	Cluster_5177	
Cluster_5242	Cluster_5185	
Cluster_5289	Cluster_5186	
Cluster_5291	Cluster_5187	
Cluster_5301	Cluster_5199	
Cluster_5319	Cluster_5215	
Cluster_5320	Cluster_5221	
Cluster_5325	Cluster_5236	
Cluster_5327	Cluster_5238	
Cluster_5329	Cluster_5241	
Cluster_5333	Cluster_5242	
Cluster_5344	Cluster_5289	
Cluster_5347	Cluster_5291	
Cluster_5350	Cluster_5301	
Cluster_5351	Cluster_5319	
Cluster_5352	Cluster_5320	
Cluster_5359	Cluster_5325	
Cluster_5361	Cluster_5327	
Cluster_5365	Cluster_5329	
Cluster_5367	Cluster_5333	
Cluster_5382	Cluster_5344	
Cluster_5390	Cluster_5347	
Cluster_5415	Cluster_5350	
Cluster_5422	Cluster_5351	
Cluster_5432	Cluster_5352	
Cluster_5448	Cluster_5359	
Cluster_5463	Cluster_5361	
Cluster_5469	Cluster_5365	
Cluster_5472	Cluster_5367	
Cluster_5479	Cluster_5382	
Cluster_5480	Cluster_5390	
Cluster_5498	Cluster_5415	
Cluster_5511	Cluster_5422	
Cluster_5521	Cluster_5432	
Cluster_5525	Cluster_5448	
Cluster_5526	Cluster_5463	
Cluster_5544	Cluster_5469	
Cluster_5549	Cluster_5472	
Cluster_5553	Cluster_5479	
Cluster_5556	Cluster_5480	
Cluster_5559	Cluster_5498	
Cluster_5571	Cluster_5511	
Cluster_5579	Cluster_5521	
Cluster_5586	Cluster_5525	
Cluster_5603	Cluster_5526	
Cluster_5605	Cluster_5544	
Cluster_5613	Cluster_5549	
Cluster_5617	Cluster_5553	
Cluster_5619	Cluster_5556	
Cluster_5627	Cluster_5559	
Cluster_5628	Cluster_5571	
Cluster_5634	Cluster_5579	
Cluster_5648	Cluster_5586	
Cluster_5649	Cluster_5603	
Cluster_5654	Cluster_5605	
Cluster_5657	Cluster_5613	
Cluster_5671	Cluster_5617	
Cluster_5672	Cluster_5619	
Cluster_5680	Cluster_5627	
Cluster_5686	Cluster_5628	
Cluster_5687	Cluster_5634	
Cluster_5693	Cluster_5648	
Cluster_5697	Cluster_5649	
Cluster_5704	Cluster_5654	
Cluster_5712	Cluster_5657	
Cluster_5713	Cluster_5671	
Cluster_5715	Cluster_5672	
Cluster_5717	Cluster_5680	
Cluster_5725	Cluster_5686	
Cluster_5737	Cluster_5687	
Cluster_5762	Cluster_5693	
Cluster_5768	Cluster_5697	
Cluster_5780	Cluster_5704	
Cluster_5792	Cluster_5712	
Cluster_5794	Cluster_5713	
Cluster_5802	Cluster_5715	
Cluster_5805	Cluster_5717	
Cluster_5815	Cluster_5725	
Cluster_5833	Cluster_5737	
Cluster_5839	Cluster_5762	
Cluster_5844	Cluster_5768	
Cluster_5853	Cluster_5780	
Cluster_5866	Cluster_5792	
Cluster_5883	Cluster_5794	
Cluster_5901	Cluster_5802	
Cluster_5905	Cluster_5805	
Cluster_5912	Cluster_5815	
Cluster_5937	Cluster_5833	
Cluster_5939	Cluster_5839	
Cluster_5947	Cluster_5844	
Cluster_5948	Cluster_5853	
	Cluster_5866	
	Cluster_5883	
	Cluster_5901	
	Cluster_5905	
	Cluster_5912	
	Cluster_5937	
	Cluster_5939	
	Cluster_5947	
	Cluster_5948	
